0,Dale Colon,shawn22@example.org,001-208-219-2266
1,Ashley Gibbs,igibson@example.com,001-769-269-7451x84073
2,Whitney Duke,dawnevans@example.com,001-545-757-0027x497
3,Devon Lopez,dking@example.org,(976)658-9746x313
4,Alyssa Cooper,qkeith@example.com,+1-030-051-0205x22289
5,Kenneth May,karenwilliams@example.com,+1-745-407-2207
6,Erik Hale,richard01@example.net,626-789-1209x5978
7,Alan Hill,xtaylor@example.org,184-175-1670
8,Nathan Taylor,mathismariah@example.com,576-510-3802
9,Gary Smith,serranorickey@example.net,230-264-5107x72778
10,Amanda Anderson,harrisbenjamin@example.net,(701)425-1819x324
11,Andrea Avery,dtaylor@example.org,+1-099-631-5627x230
12,Scott Barber,jill27@example.com,+1-393-518-3892x63339
13,Michael Stephens,josephtaylor@example.com,+1-043-531-7103x922
14,Robert Williams,david33@example.org,646.975.2527x25006
15,Rebecca Hill,dstephens@example.org,421-525-4976x124
16,Anna Durham,tinadavis@example.org,(240)073-2285x516
17,Madison Frost,michaellopez@example.org,2265181007
18,Charles Cook,landerson@example.org,+1-396-552-0770x3989
19,Maurice Black,
20,Cynthia Keller,travis03@example.org,001-479-009-0639x89278
21,Bryan Rocha,robinodom@example.net,027-859-3788
22,Matthew Harris,justinpeterson@example.net,+1-369-957-7061x26511
23,Martin Leonard,grush@example.com,(037)445-9595x76429
24,Gary Yu,steven99@example.net,+1-125-624-2069
25,William Silva,clarkcharles@example.com,631-416-0799x7443
26,Tamara Arias,elizabethandrade@example.org,797-340-6741
27,Travis Ortiz,yporter@example.org,(300)216-6722x462
28,James Sanchez,ruizbrittany@example.com,001-303-935-1525x6325
29,Daniel Christian,zturner@example.org,8918521318
30,Erik Jones,knash@example.net,467.952.1782
31,James Carlson,msims@example.org,452.609.2337x9404
32,Jennifer Adams,brandongordon@example.net,838.519.6393
33,Christian Jones,michaelcollins@example.net,(404)698-3331x0163
34,Michael Good,dustin55@example.com,914.003.4363x7260
35,James Russell,lopezbrooke@example.org,602.151.3818x95823
36,Sydney Morrison,jacqueline87@example.org,(841)107-2145
37,Austin Coleman,rogersdebra@example.com,4110440093
38,Christopher Parker,thomaslopez@example.net,+1-512-708-1605
39,Hannah Luna,lcastaneda@example.net,+1-604-678-0620x587
40,Curtis Edwards,susan37@example.org,704-876-2012
41,Steven Caldwell,ralphbaird@example.com,216.180.3454x373
42,Jennifer Davis,marcusgonzalez@example.org,(934)012-2140
43,Sherry Kennedy,caleb90@example.org,(583)385-9464x9328
44,Christopher Smith,patricksmith@example.net,172-482-3861
45,Ashley Whitehead,djimenez@example.org,926-655-7326x681
46,Ryan Ford,jennifer01@example.com,877-327-8541x14404
47,Stephanie Young,chawkins@example.com,7961219101
48,Caleb Anderson,ryanrebecca@example.org,+1-749-921-5849x58161
49,Jennifer Contreras,shane61@example.com,043-802-8068x866
50,Stephen Whitney,eric99@example.org,789-183-4978x150
51,Wendy Murray,tscott@example.com,001-486-053-8413
52,Joseph Spencer,jim59@example.org,001-198-863-0555x40240
53,Christopher Lewis,psnyder@example.org,(525)767-7587x86501
54,Bradley Baker,jeffrey33@example.net,(140)685-7644
55,Kelly Sanders,andreaross@example.net,8518465559
56,Thomas Mckay,chloe35@example.org,407-380-3538
57,Kaitlyn Miller,jamesescobar@example.com,311.582.5641
58,Sandra Mejia,annalvarado@example.com,359-152-6298x260
59,Crystal Mack,patelmichelle@example.org,176-908-2346
60,Charles Smith,jennifer51@example.net,+1-141-082-5404
61,Richard Perry,emily88@example.com,830-508-2569x740
62,Angela Pope,dianepowell@example.com,3730591477
63,Sheryl Perez,christopher84@example.net,(688)267-8720x728
64,Lacey Terry,michael42@example.org,(275)568-0942
65,Craig Thomas,lauren42@example.com,+1-181-595-8819x0576
66,Zachary Brown PhD,maddenjacob@example.com,787.181.1819x4060
67,Katrina Jones,saundersandrew@example.net,0999405027
68,Gary Mccarty,rebeccasimmons@example.com,973-631-5746x230
69,Christopher Garcia,gabriel37@example.com,8145970598
70,Alexis Hunt,kennethherrera@example.com,(098)436-0132
71,Katherine Carter,dmiller@example.net,993-968-1051
72,Michael Alvarado,curtiscarroll@example.com,7262935767
73,Desiree Jones,brownscott@example.com,833-398-7303x907
74,Charles Herrera,erica84@example.org,001-146-265-7211x1916
75,Andrew Watson,uhenderson@example.net,852-659-5429x35728
76,Mrs. Emily Erickson,ellisjoshua@example.com,615-318-3570x832
77,Sarah Carey,tylerblevins@example.net,001-635-763-8639x528
78,Nicole Farley,herringmichael@example.net,(251)819-5176x403
79,John Michael,meganpeters@example.net,630-991-9619x45763
80,John Jackson,chernandez@example.com,015-548-2807
81,Jacqueline Melendez,jessicamiller@example.org,(074)678-1131
82,Jared Goodman,gomezkristin@example.net,211.167.7063x3427
83,Sara Kramer,michaelcox@example.net,(939)548-2331x133
84,Kristina Lee,pkim@example.net,386-552-1157
85,Gordon Bruce,zpotter@example.com,5753620351
86,Jody Walters,russellstephanie@example.net,+1-762-605-5312x2702
87,Zachary Glover,ashleybaker@example.com,8273049293
88,Dominique Morris,keith38@example.com,+1-587-129-4834x60878
89,Alexander Woods,mendezalexis@example.com,960-740-3415
90,Robin Carroll,davisstephen@example.com,(610)966-6970x888
91,Brandy Bass,meganday@example.org,(894)755-7645
92,Seth Davis,davisronald@example.net,960.239.6143
93,Thomas West Jr.,william70@example.net,+1-718-393-2329x298
94,Maria Austin,kevin46@example.org,001-332-812-8092x02225
95,Andrew Kennedy,debbiesnyder@example.com,7030400037
96,Jackie Owens,xgreen@example.net,(906)735-8173x5243
97,Monica Gordon,glenn12@example.org,276-263-0677x6106
98,Sarah Gonzalez,victoria06@example.org,(571)036-0047x9809
99,April Graves,hernandezgregory@example.net,8055031362
