0,Linda Lopez,deanna14@example.org,722-454-1792x29064
1,Tammy Smith,fredsullivan@example.org,282-015-1931
2,Shane Mcneil,christopher55@example.net,(812)868-8195x50827
3,Christopher Duke,lisachristian@example.org,+1-767-552-5947x13938
4,Jason Lynch,mariahmorgan@example.com,1232657146
5,Paul Crosby,melindabrown@example.net,216-948-9510x68800
6,Mary Michael,marythompson@example.org,(378)756-1949x0988
7,Jim Clark PhD,upratt@example.com,+1-436-136-5592x118
8,Monica Jones,jamesglenn@example.com,+1-826-506-6618x528
9,Benjamin Manning,marc57@example.org,933.324.5095
10,Mr. Christopher Barnes DDS,omora@example.org,898.894.3849
11,Jesus Patterson,jennifer79@example.org,001-955-511-6111x682
12,Amy Hoffman,loriking@example.org,001-164-047-4741x6076
13,Mr. Frank Johnson,natasha65@example.org,+1-934-247-4653x556
14,Shelley Schneider,jonathanadams@example.com,+1-063-884-5272
15,Clarence Lang,suzannejones@example.org,001-360-253-1129x36708
16,Joseph Jefferson,elliottangela@example.com,(424)313-2650x73632
17,Andrew Mcdowell,rhenry@example.org,157.714.9417
18,Dawn Parker MD,javier66@example.com,001-246-490-4755
19,David Roberts,merrittgary@example.net,+1-341-375-9334
20,Kathryn Todd,acevedojoseph@example.org,761.699.9803x6410
21,James Welch,christensenstacey@example.org,(805)925-2875x469
22,Tonya Hardy,boydhailey@example.com,+1-936-833-4170x636
23,William Mitchell,erose@example.net,377.491.0239x9308
24,Stephen Mckinney,alyssa41@example.com,+1-866-124-4871x947
25,Joe Robinson,elizabeth76@example.org,001-323-138-5751x485
26,Christina Russell,jonestonya@example.org,469.014.5030
27,Anne Brown,martinpatricia@example.net,+1-513-654-8395x40946
28,Kyle Golden,hjohnson@example.net,+1-298-866-3714
29,Bradley Collins,scox@example.org,1623707182
30,Michael Moore,sherry76@example.org,(683)818-2460
31,Crystal Sims,dreynolds@example.org,(380)724-0384x3300
32,Jessica Simmons,katieboyer@example.org,+1-448-467-5898
33,Meghan Logan,lisa53@example.com,001-327-584-9899x71592
34,Amber Howard,franklinricardo@example.com,(477)074-8098x5305
35,Christopher Navarro,steelemarcus@example.net,(153)199-1032
36,Matthew Henry,myersdonna@example.org,001-985-424-8260x5880
37,Maurice Waters,josephjay@example.net,(305)002-1798
38,Jennifer Davidson,kcampos@example.org,(446)966-8844
39,Danielle Gomez,patrick55@example.com,+1-166-180-0096x32527
40,Virginia Browning,tina49@example.net,+1-289-048-3067x6868
41,Gerald Sweeney,bishopkristin@example.com,+1-526-012-2783x634
42,Louis Young,bcarpenter@example.com,001-284-594-9333x430
43,Mr. Bryan Bullock,susandennis@example.net,(913)419-1540x25510
44,Dalton Shaw,awood@example.org,(473)534-6164x96167
45,Hannah Nichols,gkennedy@example.org,(524)202-8899
46,Jacob Wong,smithbridget@example.com,(544)163-3625
47,Michael Calderon,romerothomas@example.com,001-816-977-0444x86422
48,Monica Maldonado,isimpson@example.org,349.048.0351x4068
49,Reginald Acosta,fisherrebecca@example.org,(787)428-4393
50,Joseph Ortiz,bryan00@example.com,713-189-8598
51,Andrea Flynn,fbraun@example.com,(689)300-0347x96052
52,Janet Nelson,owarner@example.com,562-114-9581
53,Samuel Kramer,harrybrewer@example.net,470-614-7848x8775
54,Frank Castro,maciasraymond@example.net,326-512-8684x372
55,Elijah Cooper,kathryn99@example.net,(791)855-1076
56,Jose White,robert81@example.net,001-969-493-7670x399
57,Mark Clayton,sherrypratt@example.com,(583)669-7656
58,Joshua Alvarez,zimmermanpeter@example.org,206.029.0944
59,Lucas Arnold,melissa74@example.net,189-539-8841x85133
60,Angela Rivera,ptorres@example.net,320-624-5116x0793
61,Jeffery Richardson,fitzgeraldshawn@example.net,+1-575-132-6148x540
62,Todd Wyatt,sean36@example.com,978-644-7859x383
63,Taylor Jackson,jenniferross@example.net,(392)168-4850x8573
64,Leslie Gutierrez,timothyrobertson@example.org,001-313-303-7374x967
65,Victoria Ramirez,williamchen@example.com,+1-835-829-7452x34259
66,Rebecca Watson,larrymartin@example.net,001-655-995-4437x291
67,Jesse Scott MD,logan61@example.com,+1-687-651-5379x5799
68,Crystal Jordan,eshaw@example.org,(155)531-9175
69,Jessica Price,olambert@example.org,001-082-370-3305x0830
70,Jerome Mendoza,xphillips@example.net,+1-572-409-4065
71,Eddie Johnson,leechristina@example.net,443.715.8684
72,Sydney Buchanan,thompsonsandra@example.net,(889)134-9667x21092
73,Joshua Martinez,connerrichard@example.org,613.523.6843x22200
74,Brad Parker,allenjames@example.com,215-646-4243x862
75,Riley Little,elizabeth24@example.org,(714)051-6115x2931
76,Kevin Peck,burnsandrew@example.org,677-492-1869
77,Jonathan Jones,tammyduran@example.org,001-225-397-7804x42542
78,Jamie Marshall,jeffrey75@example.net,6765655675
79,Dustin Cuevas,aprilking@example.com,325.254.3949x849
80,Sara Simmons,steven46@example.net,056.410.1031x0561
81,Jordan Wright,richardsandrew@example.org,7069584503
82,Wesley Frank,william29@example.com,(300)268-8208x2868
83,Anthony Parker,robertperez@example.net,070.583.4064x3647
84,Patrick Bender,walterspaul@example.com,(753)809-2576
85,Matthew Christensen,kelliesimmons@example.com,790.571.3521x110
86,Brian Quinn,donald98@example.com,(077)673-2465x21251
87,Jesse Mayo,etaylor@example.org,610.068.4934
88,Thomas Vasquez,jeffrey69@example.org,535.277.2907x465
89,Mrs. Taylor Sanders,ybryant@example.net,+1-415-785-3884x9090
90,Melissa Pollard,monica24@example.org,028.720.8983x8132
91,Ross Washington,michaelgray@example.org,001-772-958-6155
92,William Morrison,turnermichael@example.net,4690468578
93,Stephen Kelly,isaiah01@example.com,(016)763-8940x14042
94,Christopher Phillips,jessica58@example.net,974-702-2621x02514
95,Lisa Sherman,matthew11@example.com,603.252.2630x39404
96,Michael Dorsey,pfletcher@example.com,001-361-922-8631x0202
97,Michael Jackson,dillonsteven@example.com,(103)060-2775
98,Michael Jackson,ryan32@example.org,985.724.7784
99,Miss Jodi Cooper DDS,monroekathryn@example.com,001-728-595-5766x66122
