id,name,email,phone_number
0,Kathy Miller,mark02@example.org,(437)466-8294
1,Ashley Torres,mary00@example.org,(224)279-4970x971
2,Molly Rogers,heather35@example.com,(688)400-7796x6129
3,David Floyd,summersnicole@example.net,+1-779-625-5111x45480
4,Kristen Mosley,petersonchad@example.net,+1-310-002-0756x8931
5,Jenna Gonzales,jjimenez@example.org,+1-058-819-8173x024
6,Cassie Mccormick,patrick00@example.org,001-195-925-3042
7,Matthew Martin,tiffany96@example.net,618-671-4682x29263
8,Kellie Johnson,fallen@example.net,001-602-537-5684x1119
9,Anne Mathews,ihines@example.com,397-928-1375x54260
10,Matthew Ellison,cynthiakelley@example.com,(253)769-9071
11,Stanley Faulkner PhD,reneedavis@example.com,134.213.3725x1422
12,Travis Caldwell,stephen66@example.com,6511228954
13,Angela Downs,robert99@example.com,+1-807-951-4930x07493
14,Anne Gonzalez DDS,nicholsmeagan@example.org,001-026-442-6974x199
15,Courtney Goodwin,zlawrence@example.org,840.190.8642
16,Raymond Flores,colleen55@example.net,001-633-796-1827
17,James Dennis,freyjennifer@example.net,001-906-077-8538x1611
18,Jeffrey Gonzales,michael30@example.org,528-247-6524x452
19,Jeremy Parrish,tracy42@example.org,256-603-5775
20,Leslie Knight,zramos@example.net,826-275-1555x3382
21,Rebecca Arnold,derek27@example.net,(711)140-3677
22,Ernest Cunningham,jennifermorton@example.org,(247)910-6648x78593
23,Danielle Brown,bassnicholas@example.net,0122400837
24,Jill Rivera,thomas58@example.net,(607)938-5891x7688
25,Debra Schneider,santoskathryn@example.com,036-965-5238x974
26,Eric Flores,kochnicole@example.com,+1-207-435-8623
27,Ralph Ramirez,samuel56@example.org,+1-642-667-2430
28,Jerry French,brandon46@example.org,5867324946
29,James Nguyen,ledwards@example.com,303-294-7857x0123
30,Gary George,charlesprice@example.org,(543)116-3944x37401
31,Ashley Garrett,jennifer69@example.com,045.696.0553x279
32,Scott Smith,ihouston@example.com,349-989-3207x7675
33,Amber Nelson,floydkaitlin@example.net,001-998-663-8063x141
34,Katie Harvey,lopezsierra@example.com,001-665-337-8177x28557
35,Veronica Franco,melissa61@example.org,598-337-1685x206
36,Brandon Gonzalez,hwelch@example.org,532-107-4521x914
37,Kurt White,angela88@example.org,563.950.5540x1616
38,Kari Rogers,edward01@example.org,+1-612-388-9464x20334
39,Marcia Curry,shahsteven@example.com,538-627-0032x87876
40,Antonio Obrien,robert46@example.com,001-625-058-6886x55512
41,Jessica Anderson,salinasdwayne@example.net,142-553-1019x111
42,Bethany Nelson,xgonzalez@example.net,705.657.8707x5000
43,Gary Williams,edwardselizabeth@example.org,001-241-015-3330x1434
44,Tina Brooks,leegregory@example.net,249.403.9251x72535
45,Audrey Weber,samuel64@example.org,4288666063
46,Robert Ortiz,brianmyers@example.net,895.511.7326
47,James Wilson,vhicks@example.com,470.205.1523x581
48,Brandon Williams,hmorrow@example.org,310.445.3079
49,Albert Yang,nancywalker@example.org,999-805-4120x918
50,Joseph Aguilar,orozcojake@example.com,(278)985-8725
51,Christopher Taylor,david29@example.net,001-507-630-9211x283
52,David Turner,carolortiz@example.net,(682)107-2409
53,Brett Good,brownrebecca@example.net,006-098-4806x00221
54,Johnny Adams,porterpamela@example.com,001-406-184-0183x691
55,Wendy Washington,rmccoy@example.net,8264066227
56,Olivia Harris,christopher10@example.org,270.653.4433
57,Jason Brown,arielshea@example.com,099.164.3770x2298
58,Donna Hoover,david03@example.org,766.101.3863x705
59,Victoria Atkins,dharris@example.com,(001)245-2763
60,Larry Banks,charvey@example.com,810.122.3082
61,Matthew Gomez,sarahbuck@example.com,(486)063-6319
62,Hunter Miller,goodwinrobert@example.com,163-447-5710x1790
63,Barbara Mason,chuang@example.com,001-270-991-6922
64,Vickie Ponce,bakercheryl@example.com,(204)176-5759x224
65,Tiffany Jones,michael29@example.net,652-701-2584x98790
66,Tracey Ashley,johnsondonna@example.net,(596)042-4354x62956
67,John Washington,ana01@example.net,834-074-8354x4795
68,James Welch,scurtis@example.com,935-097-9114
69,Melissa Rodgers,matthew59@example.net,005.947.2643x9125
70,Dr. Mark Fischer,royjeffrey@example.com,546.743.9877x72651
71,Mark Norton,georgelindsey@example.org,3929214794
72,Michele Wall,elijahwaters@example.com,001-485-245-3544x37316
73,Kelly Anderson,ndavis@example.org,001-504-182-3858
74,Stacey Collins,aaronsanchez@example.org,305.079.9482x093
75,Ryan Spence,joseph28@example.org,4334984007
76,Steven Cruz,gabriellejimenez@example.net,001-117-164-0627
77,Dana Smith,karen41@example.net,+1-987-773-6365x00343
78,Philip Wolfe,efields@example.com,730-881-6172
79,Jennifer Huang,chapmannicole@example.net,703.391.5329x84213
80,Sherry Jacobs,kim33@example.org,405.782.7794
81,Courtney Sanchez,jason60@example.net,+1-996-971-4050
82,George Schroeder,josephburns@example.org,001-321-276-7774x899
83,Richard Johnson,robert67@example.org,504.467.2577
84,Amanda Lynch,myersscott@example.com,001-357-598-8353x3630
85,Michelle Vargas,alexander64@example.org,(724)574-0445
86,Brenda Gamble,portermichael@example.com,7760139239
87,Bethany Avery,jthompson@example.com,(645)466-2363x1176
88,Daniel Stanley,qbridges@example.com,+1-406-849-7602x1992
89,Jamie Carney,morriscody@example.net,+1-487-489-3093x9051
90,Derek Davis,tmelendez@example.org,001-106-868-8316
91,Michael Miller,davidlewis@example.net,6027498677
92,Amber Walters,yhodge@example.com,390.735.5015x80253
93,Evan Alexander,qmurphy@example.com,964.135.2782x26739
94,Victor Moses,jlewis@example.com,(196)182-2533
95,John Harris,yhiggins@example.net,2984296053
96,Maria Carey,kflores@example.org,(642)489-2606
97,Daniel Thomas,gomezteresa@example.org,850-527-2434x33687
98,Frank Ford,hernandezdebra@example.net,001-644-648-1050x0337
99,Victoria Pierce,mooreerin@example.org,887-241-6361
